frame	timestamp	seconds	file
001	00:00:28.107	28.107	/home/triangletechguy/rtc-enterprise/mobile/sdk_reference/frames_100/frame_001.jpg
002	00:00:56.215	56.215	/home/triangletechguy/rtc-enterprise/mobile/sdk_reference/frames_100/frame_002.jpg
003	00:01:24.322	84.322	/home/triangletechguy/rtc-enterprise/mobile/sdk_reference/frames_100/frame_003.jpg
004	00:01:52.430	112.430	/home/triangletechguy/rtc-enterprise/mobile/sdk_reference/frames_100/frame_004.jpg
005	00:02:20.537	140.537	/home/triangletechguy/rtc-enterprise/mobile/sdk_reference/frames_100/frame_005.jpg
006	00:02:48.645	168.645	/home/triangletechguy/rtc-enterprise/mobile/sdk_reference/frames_100/frame_006.jpg
007	00:03:16.752	196.752	/home/triangletechguy/rtc-enterprise/mobile/sdk_reference/frames_100/frame_007.jpg
008	00:03:44.859	224.859	/home/triangletechguy/rtc-enterprise/mobile/sdk_reference/frames_100/frame_008.jpg
009	00:04:12.967	252.967	/home/triangletechguy/rtc-enterprise/mobile/sdk_reference/frames_100/frame_009.jpg
010	00:04:41.074	281.074	/home/triangletechguy/rtc-enterprise/mobile/sdk_reference/frames_100/frame_010.jpg
011	00:05:09.182	309.182	/home/triangletechguy/rtc-enterprise/mobile/sdk_reference/frames_100/frame_011.jpg
012	00:05:37.289	337.289	/home/triangletechguy/rtc-enterprise/mobile/sdk_reference/frames_100/frame_012.jpg
013	00:06:05.397	365.397	/home/triangletechguy/rtc-enterprise/mobile/sdk_reference/frames_100/frame_013.jpg
014	00:06:33.504	393.504	/home/triangletechguy/rtc-enterprise/mobile/sdk_reference/frames_100/frame_014.jpg
015	00:07:01.611	421.611	/home/triangletechguy/rtc-enterprise/mobile/sdk_reference/frames_100/frame_015.jpg
016	00:07:29.719	449.719	/home/triangletechguy/rtc-enterprise/mobile/sdk_reference/frames_100/frame_016.jpg
017	00:07:57.826	477.826	/home/triangletechguy/rtc-enterprise/mobile/sdk_reference/frames_100/frame_017.jpg
018	00:08:25.934	505.934	/home/triangletechguy/rtc-enterprise/mobile/sdk_reference/frames_100/frame_018.jpg
019	00:08:54.041	534.041	/home/triangletechguy/rtc-enterprise/mobile/sdk_reference/frames_100/frame_019.jpg
020	00:09:22.149	562.149	/home/triangletechguy/rtc-enterprise/mobile/sdk_reference/frames_100/frame_020.jpg
021	00:09:50.256	590.256	/home/triangletechguy/rtc-enterprise/mobile/sdk_reference/frames_100/frame_021.jpg
022	00:10:18.363	618.363	/home/triangletechguy/rtc-enterprise/mobile/sdk_reference/frames_100/frame_022.jpg
023	00:10:46.471	646.471	/home/triangletechguy/rtc-enterprise/mobile/sdk_reference/frames_100/frame_023.jpg
024	00:11:14.578	674.578	/home/triangletechguy/rtc-enterprise/mobile/sdk_reference/frames_100/frame_024.jpg
025	00:11:42.686	702.686	/home/triangletechguy/rtc-enterprise/mobile/sdk_reference/frames_100/frame_025.jpg
026	00:12:10.793	730.793	/home/triangletechguy/rtc-enterprise/mobile/sdk_reference/frames_100/frame_026.jpg
027	00:12:38.900	758.900	/home/triangletechguy/rtc-enterprise/mobile/sdk_reference/frames_100/frame_027.jpg
028	00:13:07.008	787.008	/home/triangletechguy/rtc-enterprise/mobile/sdk_reference/frames_100/frame_028.jpg
029	00:13:35.115	815.115	/home/triangletechguy/rtc-enterprise/mobile/sdk_reference/frames_100/frame_029.jpg
030	00:14:03.223	843.223	/home/triangletechguy/rtc-enterprise/mobile/sdk_reference/frames_100/frame_030.jpg
031	00:14:31.330	871.330	/home/triangletechguy/rtc-enterprise/mobile/sdk_reference/frames_100/frame_031.jpg
032	00:14:59.438	899.438	/home/triangletechguy/rtc-enterprise/mobile/sdk_reference/frames_100/frame_032.jpg
033	00:15:27.545	927.545	/home/triangletechguy/rtc-enterprise/mobile/sdk_reference/frames_100/frame_033.jpg
034	00:15:55.652	955.652	/home/triangletechguy/rtc-enterprise/mobile/sdk_reference/frames_100/frame_034.jpg
035	00:16:23.760	983.760	/home/triangletechguy/rtc-enterprise/mobile/sdk_reference/frames_100/frame_035.jpg
036	00:16:51.867	1011.867	/home/triangletechguy/rtc-enterprise/mobile/sdk_reference/frames_100/frame_036.jpg
037	00:17:19.975	1039.975	/home/triangletechguy/rtc-enterprise/mobile/sdk_reference/frames_100/frame_037.jpg
038	00:17:48.082	1068.082	/home/triangletechguy/rtc-enterprise/mobile/sdk_reference/frames_100/frame_038.jpg
039	00:18:16.190	1096.190	/home/triangletechguy/rtc-enterprise/mobile/sdk_reference/frames_100/frame_039.jpg
040	00:18:44.297	1124.297	/home/triangletechguy/rtc-enterprise/mobile/sdk_reference/frames_100/frame_040.jpg
041	00:19:12.404	1152.404	/home/triangletechguy/rtc-enterprise/mobile/sdk_reference/frames_100/frame_041.jpg
042	00:19:40.512	1180.512	/home/triangletechguy/rtc-enterprise/mobile/sdk_reference/frames_100/frame_042.jpg
043	00:20:08.619	1208.619	/home/triangletechguy/rtc-enterprise/mobile/sdk_reference/frames_100/frame_043.jpg
044	00:20:36.727	1236.727	/home/triangletechguy/rtc-enterprise/mobile/sdk_reference/frames_100/frame_044.jpg
045	00:21:04.834	1264.834	/home/triangletechguy/rtc-enterprise/mobile/sdk_reference/frames_100/frame_045.jpg
046	00:21:32.942	1292.942	/home/triangletechguy/rtc-enterprise/mobile/sdk_reference/frames_100/frame_046.jpg
047	00:22:01.049	1321.049	/home/triangletechguy/rtc-enterprise/mobile/sdk_reference/frames_100/frame_047.jpg
048	00:22:29.156	1349.156	/home/triangletechguy/rtc-enterprise/mobile/sdk_reference/frames_100/frame_048.jpg
049	00:22:57.264	1377.264	/home/triangletechguy/rtc-enterprise/mobile/sdk_reference/frames_100/frame_049.jpg
050	00:23:25.371	1405.371	/home/triangletechguy/rtc-enterprise/mobile/sdk_reference/frames_100/frame_050.jpg
051	00:23:53.479	1433.479	/home/triangletechguy/rtc-enterprise/mobile/sdk_reference/frames_100/frame_051.jpg
052	00:24:21.586	1461.586	/home/triangletechguy/rtc-enterprise/mobile/sdk_reference/frames_100/frame_052.jpg
053	00:24:49.694	1489.694	/home/triangletechguy/rtc-enterprise/mobile/sdk_reference/frames_100/frame_053.jpg
054	00:25:17.801	1517.801	/home/triangletechguy/rtc-enterprise/mobile/sdk_reference/frames_100/frame_054.jpg
055	00:25:45.908	1545.908	/home/triangletechguy/rtc-enterprise/mobile/sdk_reference/frames_100/frame_055.jpg
056	00:26:14.016	1574.016	/home/triangletechguy/rtc-enterprise/mobile/sdk_reference/frames_100/frame_056.jpg
057	00:26:42.123	1602.123	/home/triangletechguy/rtc-enterprise/mobile/sdk_reference/frames_100/frame_057.jpg
058	00:27:10.231	1630.231	/home/triangletechguy/rtc-enterprise/mobile/sdk_reference/frames_100/frame_058.jpg
059	00:27:38.338	1658.338	/home/triangletechguy/rtc-enterprise/mobile/sdk_reference/frames_100/frame_059.jpg
060	00:28:06.446	1686.446	/home/triangletechguy/rtc-enterprise/mobile/sdk_reference/frames_100/frame_060.jpg
061	00:28:34.553	1714.553	/home/triangletechguy/rtc-enterprise/mobile/sdk_reference/frames_100/frame_061.jpg
062	00:29:02.660	1742.660	/home/triangletechguy/rtc-enterprise/mobile/sdk_reference/frames_100/frame_062.jpg
063	00:29:30.768	1770.768	/home/triangletechguy/rtc-enterprise/mobile/sdk_reference/frames_100/frame_063.jpg
064	00:29:58.875	1798.875	/home/triangletechguy/rtc-enterprise/mobile/sdk_reference/frames_100/frame_064.jpg
065	00:30:26.983	1826.983	/home/triangletechguy/rtc-enterprise/mobile/sdk_reference/frames_100/frame_065.jpg
066	00:30:55.090	1855.090	/home/triangletechguy/rtc-enterprise/mobile/sdk_reference/frames_100/frame_066.jpg
067	00:31:23.198	1883.198	/home/triangletechguy/rtc-enterprise/mobile/sdk_reference/frames_100/frame_067.jpg
068	00:31:51.305	1911.305	/home/triangletechguy/rtc-enterprise/mobile/sdk_reference/frames_100/frame_068.jpg
069	00:32:19.412	1939.412	/home/triangletechguy/rtc-enterprise/mobile/sdk_reference/frames_100/frame_069.jpg
070	00:32:47.520	1967.520	/home/triangletechguy/rtc-enterprise/mobile/sdk_reference/frames_100/frame_070.jpg
071	00:33:15.627	1995.627	/home/triangletechguy/rtc-enterprise/mobile/sdk_reference/frames_100/frame_071.jpg
072	00:33:43.735	2023.735	/home/triangletechguy/rtc-enterprise/mobile/sdk_reference/frames_100/frame_072.jpg
073	00:34:11.842	2051.842	/home/triangletechguy/rtc-enterprise/mobile/sdk_reference/frames_100/frame_073.jpg
074	00:34:39.950	2079.950	/home/triangletechguy/rtc-enterprise/mobile/sdk_reference/frames_100/frame_074.jpg
075	00:35:08.057	2108.057	/home/triangletechguy/rtc-enterprise/mobile/sdk_reference/frames_100/frame_075.jpg
076	00:35:36.164	2136.164	/home/triangletechguy/rtc-enterprise/mobile/sdk_reference/frames_100/frame_076.jpg
077	00:36:04.272	2164.272	/home/triangletechguy/rtc-enterprise/mobile/sdk_reference/frames_100/frame_077.jpg
078	00:36:32.379	2192.379	/home/triangletechguy/rtc-enterprise/mobile/sdk_reference/frames_100/frame_078.jpg
079	00:37:00.487	2220.487	/home/triangletechguy/rtc-enterprise/mobile/sdk_reference/frames_100/frame_079.jpg
080	00:37:28.594	2248.594	/home/triangletechguy/rtc-enterprise/mobile/sdk_reference/frames_100/frame_080.jpg
081	00:37:56.701	2276.701	/home/triangletechguy/rtc-enterprise/mobile/sdk_reference/frames_100/frame_081.jpg
082	00:38:24.809	2304.809	/home/triangletechguy/rtc-enterprise/mobile/sdk_reference/frames_100/frame_082.jpg
083	00:38:52.916	2332.916	/home/triangletechguy/rtc-enterprise/mobile/sdk_reference/frames_100/frame_083.jpg
084	00:39:21.024	2361.024	/home/triangletechguy/rtc-enterprise/mobile/sdk_reference/frames_100/frame_084.jpg
085	00:39:49.131	2389.131	/home/triangletechguy/rtc-enterprise/mobile/sdk_reference/frames_100/frame_085.jpg
086	00:40:17.239	2417.239	/home/triangletechguy/rtc-enterprise/mobile/sdk_reference/frames_100/frame_086.jpg
087	00:40:45.346	2445.346	/home/triangletechguy/rtc-enterprise/mobile/sdk_reference/frames_100/frame_087.jpg
088	00:41:13.453	2473.453	/home/triangletechguy/rtc-enterprise/mobile/sdk_reference/frames_100/frame_088.jpg
089	00:41:41.561	2501.561	/home/triangletechguy/rtc-enterprise/mobile/sdk_reference/frames_100/frame_089.jpg
090	00:42:09.668	2529.668	/home/triangletechguy/rtc-enterprise/mobile/sdk_reference/frames_100/frame_090.jpg
091	00:42:37.776	2557.776	/home/triangletechguy/rtc-enterprise/mobile/sdk_reference/frames_100/frame_091.jpg
092	00:43:05.883	2585.883	/home/triangletechguy/rtc-enterprise/mobile/sdk_reference/frames_100/frame_092.jpg
093	00:43:33.991	2613.991	/home/triangletechguy/rtc-enterprise/mobile/sdk_reference/frames_100/frame_093.jpg
094	00:44:02.098	2642.098	/home/triangletechguy/rtc-enterprise/mobile/sdk_reference/frames_100/frame_094.jpg
095	00:44:30.205	2670.205	/home/triangletechguy/rtc-enterprise/mobile/sdk_reference/frames_100/frame_095.jpg
096	00:44:58.313	2698.313	/home/triangletechguy/rtc-enterprise/mobile/sdk_reference/frames_100/frame_096.jpg
097	00:45:26.420	2726.420	/home/triangletechguy/rtc-enterprise/mobile/sdk_reference/frames_100/frame_097.jpg
098	00:45:54.528	2754.528	/home/triangletechguy/rtc-enterprise/mobile/sdk_reference/frames_100/frame_098.jpg
099	00:46:22.635	2782.635	/home/triangletechguy/rtc-enterprise/mobile/sdk_reference/frames_100/frame_099.jpg
100	00:46:50.743	2810.743	/home/triangletechguy/rtc-enterprise/mobile/sdk_reference/frames_100/frame_100.jpg
